songFileName,song_sample_n,song_response_rate,song_mean_rt,song_median_rt,song_mc_accuracy,mean_note_rate,song_mean_alpha_power,song_mean_beta_power,song_name_clean
I feel fine.wav,14,0.21428571428571427,2.357457166663759,1.876872100052424,0.5,2.5965498287047235,7.978622821598193e-13,1.9432505905794352e-13,I feel fine
I think I love you.wav,17,0.17647058823529413,5.931036833358424,5.875756100052968,0.17647058823529413,1.0743725757823062,1.2670016999728514e-12,2.1532889185297698e-13,I think I love you
I think we're alone now.wav,20,0.2,4.4118013749830425,5.137467549997382,0.55,1.7061488211434703,5.90216712196207e-13,2.040399419916597e-13,I think we're alone now
I've been working on the railroad.wav,16,0.75,5.24249897499855,4.469121500027541,0.75,1.667051366190298,1.1180778215213997e-12,1.8738953610541691e-13,I've been working on the railroad
James Bond.wav,20,0.3,2.80563633335017,2.7755237000092166,0.55,2.5489273298661907,6.9496911942536e-13,1.9586615046208874e-13,James Bond
YMCA.wav,21,0.38095238095238093,9.60413844996583,10.264613849984016,0.5238095238095238,2.393559844517507,6.140512946067328e-13,1.613744120277075e-13,YMCA
a spoonful of sugar.wav,14,0.42857142857142855,4.491723066681819,3.9274042499991992,0.5714285714285714,1.231122270495092,7.944461384017824e-13,1.736390951999439e-13,a spoonful of sugar
a whole new world.wav,15,0.7333333333333333,3.821505572744751,3.497370700002648,0.7333333333333333,1.109293606016825,4.58256033293326e-13,1.8192827533564388e-13,a whole new world
a-tisket a-tasket.wav,18,0.3888888888888889,4.440154914301404,4.5850405000092,0.3888888888888889,3.527591017448948,5.459535331593658e-13,2.0499352783889452e-13,a-tisket a-tasket
all my loving.wav,19,0.10526315789473684,3.9201895000514924,3.9201895000514924,0.47368421052631576,1.5405726230283956,6.612543469560899e-13,1.814187662180952e-13,all my loving
alouette.wav,19,0.6842105263157895,3.3678711384737445,3.124986800015904,0.7894736842105263,1.21971164578032,1.0240811576356855e-12,1.7217419921788782e-13,alouette
amazing grace.wav,14,1.0,4.569357135709781,4.4793477999946845,1.0,0.8164289441371085,1.3406704548992084e-12,1.9402998247656799e-13,amazing grace
america the beautiful.wav,22,0.22727272727272727,6.490809019997323,6.234506400011014,0.22727272727272727,2.1260513528321785,1.1039491404585553e-12,2.0907464233915601e-13,america the beautiful
angel is my centerfold (Example).wav,14,0.9285714285714286,3.7548463769246436,3.712943099992117,0.42857142857142855,1.1443395463394896,6.742851538544248e-13,1.795018929115581e-13,angel is my centerfold (Example)
another one bites the dust.wav,19,0.631578947368421,5.654553966644623,5.571712850003678,0.7894736842105263,1.7307307920892452,6.160440776240835e-13,2.0786686231319116e-13,another one bites the dust
are you sleeping brother john.wav,14,0.9285714285714286,3.9612552692301857,3.259630300002755,0.6428571428571429,1.311889729281463,9.783843466245471e-13,1.8461944676627291e-13,are you sleeping brother john
baby love.wav,17,0.17647058823529413,5.4062746666944195,5.47063530003652,0.23529411764705882,1.4015640910184903,5.353405333482465e-13,1.5483200535126355e-13,baby love
be kind to your web-footed friend.wav,15,0.4,4.850621166668134,5.7556678500186536,0.26666666666666666,1.3807271452133278,9.066510718970096e-13,1.7058720775806265e-13,be kind to your web-footed friend
billie jean.wav,18,0.1111111111111111,4.051077749958495,4.051077749958495,0.5,1.6829746745572263,5.909739214345684e-13,1.9179647051771393e-13,billie jean
bingo.wav,15,0.8,3.8963074000040856,3.5515821999579202,0.6,1.861848248332842,4.911610112107423e-13,1.7090929164409047e-13,bingo
blow the man down.wav,19,0.2631578947368421,5.21815623997536,4.161308199982159,0.6842105263157895,1.8891111341480644,1.5648742052431675e-12,1.8818695889331009e-13,blow the man down
blowin' in the wind.wav,17,0.4117647058823529,5.252832628545418,4.962906300002942,0.4117647058823529,1.403225066909757,6.4604084672615e-13,1.5215973588760012e-13,blowin' in the wind
brahms lullaby.wav,17,0.8235294117647058,3.8047384857188393,3.75801789999241,0.7647058823529411,0.9296165429899227,9.6119292157373e-13,1.7591944183350305e-13,brahms lullaby
buffalo gals.wav,15,0.8666666666666667,5.201300623108882,4.490192700061016,0.26666666666666666,1.4845812021799236,6.264015249107123e-13,1.8130755595434656e-13,buffalo gals
bye baby bunting.wav,19,0.15789473684210525,4.2987260666462435,4.284533499972895,0.21052631578947367,1.253405919562771,8.140575694748711e-13,1.832305568447256e-13,bye baby bunting
camptown races.wav,14,0.5714285714285714,3.200623787508448,2.561745749997499,0.42857142857142855,1.175973952779302,6.371168333686605e-13,2.416148908785344e-13,camptown races
can't help falling in love.wav,16,0.4375,7.6714768571265655,8.085418899994693,0.625,1.057690390326194,9.746331026732089e-13,1.7856867578321017e-13,can't help falling in love
chicken dance.wav,17,0.8823529411764706,2.7855082333281946,2.788717499934137,0.7647058823529411,1.66871786403528,5.68050050914643e-13,2.9742125699954077e-13,chicken dance
cindy.wav,16,0.3125,7.262517099998513,7.79943429999912,0.1875,2.041422122300064,5.721815050471233e-13,1.6658451535123042e-13,cindy
clementine.wav,15,0.7333333333333333,3.54388938182067,3.072693800000707,0.5333333333333333,1.4067990418188607,6.868746691121616e-13,2.327203588666481e-13,clementine
copacabana.wav,16,0.375,4.954442433356841,4.09052175004399,0.625,1.8434098475246044,1.1755947872501698e-12,2.001354414801353e-13,copacabana
daisy bell.wav,24,0.5833333333333334,4.802521357140255,4.684906549999141,0.4166666666666667,1.4468251615379586,8.952835082677257e-13,1.6993285482471095e-13,daisy bell
do as I'm doing.wav,15,0.13333333333333333,3.342006049999327,3.342006049999327,0.4666666666666667,3.7877431969898137,8.220157298330652e-13,1.48578870553703e-13,do as I'm doing
do wah ditty.wav,19,0.15789473684210525,5.114998166657945,5.891815799986944,0.3684210526315789,1.6958573146500993,8.795414144684819e-13,1.844592983248911e-13,do wah ditty
do your ears hang low.wav,20,0.9,3.3051995777641423,3.2616736500058323,0.65,1.8483950278621233,6.490959603249068e-13,6.731514568330545e-13,do your ears hang low
do-re-mi.wav,19,0.631578947368421,4.112124158327258,3.8408767500004615,0.42105263157894735,1.093541061654281,7.209138760939492e-13,1.802820147316661e-13,do-re-mi
down in my heart.wav,16,0.4375,5.502421342866261,5.398673100018641,0.75,1.4652351646760016,1.0100952556793708e-12,2.08345347820613e-13,down in my heart
eight days a week.wav,19,0.10526315789473684,3.097724699997343,3.097724699997343,0.47368421052631576,1.4497174192780122,5.525728432791315e-13,1.7869853383255985e-13,eight days a week
everlasting love.wav,19,0.05263157894736842,2.069657400017604,2.069657400017604,0.3157894736842105,1.812904872125708,7.736665851025673e-13,1.9795870002147186e-13,everlasting love
eye of the tiger.wav,15,0.4666666666666667,4.061946257131889,4.179969500051811,0.6666666666666666,1.5162304075990596,9.788368938311985e-13,2.0786796865797436e-13,eye of the tiger
for he's a jolly good fellow.wav,14,0.8571428571428571,3.6462574583279093,3.498957049996534,0.9285714285714286,1.6130991206288703,6.844716397504428e-13,2.6916529438402173e-13,for he's a jolly good fellow
froggy went a-courtin'.wav,14,0.5714285714285714,5.160417062474153,5.231465400000161,0.42857142857142855,2.08276830155382,5.577718442890788e-13,1.669124757851768e-13,froggy went a-courtin'
get ready.wav,17,0.17647058823529413,4.686644666682696,5.242542100022547,0.5294117647058824,1.9907803034120106,9.846701197659191e-13,1.9626438437426707e-13,get ready
good night ladies.wav,21,0.2857142857142857,4.7101570499993,4.842400749970693,0.47619047619047616,1.4992786976070867,1.0064981869470247e-12,1.7174974466938828e-13,good night ladies
great escape.wav,17,0.5294117647058824,8.197510066664917,8.843084299995098,0.4117647058823529,1.6963786278549293,7.851493320517298e-13,1.9703585119610798e-13,great escape
happy birthday.wav,17,1.0,2.7390487352963913,2.873243100009859,0.8823529411764706,1.005017471108489,4.0683534957212367e-13,1.536716654547233e-13,happy birthday
happy trails.wav,18,0.05555555555555555,6.312277799996082,6.312277799996082,0.4444444444444444,1.8440203323463595,6.393150661774106e-13,1.607377134578776e-13,happy trails
heigh-ho.wav,15,0.3333333333333333,4.9236984599934654,4.181941699993331,0.4666666666666667,1.7234683581494175,5.211153817611432e-13,1.9178103316015192e-13,heigh-ho
"hello mudduh, hello fadduh.wav",18,0.16666666666666666,3.2601972666346533,2.343881999986479,0.5555555555555556,2.4794853278280176,5.089460791750127e-13,1.7300323242200342e-13,"hello mudduh, hello fadduh"
hickory dickory dock.wav,20,0.25,4.7919403000269085,5.952780700055882,0.65,2.28856755361635,9.055857615555929e-13,2.274102643103458e-13,hickory dickory dock
home on the range.wav,20,0.2,4.754126149993681,4.69933969998965,0.35,2.4867552259810237,1.0170520936414158e-12,1.7198266655046633e-13,home on the range
hot cross buns.wav,16,0.6875,3.947151754553984,3.600043999991613,0.8125,1.1229379017748022,8.700899672140564e-13,1.8653360040916574e-13,hot cross buns
hush little baby.wav,16,0.875,3.395544571422501,3.370605150004849,0.9375,1.5703533074170077,4.724936250881583e-13,2.0097313400764597e-13,hush little baby
if you're happy and you know it.wav,17,0.8235294117647058,4.117880428563304,4.111540900004911,0.8823529411764706,2.3951091740183013,4.718524528510035e-13,1.6861530641848386e-13,if you're happy and you know it
in a gadda da vida.wav,15,0.4666666666666667,5.679805528570796,6.861187400005292,0.6,1.402697227440069,4.990198390848224e-13,1.9221149845135752e-13,in a gadda da vida
iron man.wav,17,0.47058823529411764,4.562298962495333,4.491644249988894,0.6470588235294118,1.926458600409777,1.0787783744896518e-12,2.287737201978838e-13,iron man
it's a small world.wav,21,0.6666666666666666,5.635077764299759,6.141382700036047,0.38095238095238093,0.8888253392250828,1.0677954975409413e-12,1.9589213420818627e-13,it's a small world
itsy bitsy spider.wav,18,0.7777777777777778,4.493652564319226,4.6400069499950405,0.7222222222222222,2.4103940687503407,8.204864199053055e-13,1.7307637125550713e-13,itsy bitsy spider
jimmy crack corn.wav,17,0.6470588235294118,4.988219409089652,5.296859800000675,0.35294117647058826,1.632960793138851,1.1857929234616143e-12,1.9884353574095137e-13,jimmy crack corn
john jacob jingleheimerschmidt.wav,18,0.2777777777777778,6.202589099976467,6.725593399984064,0.3333333333333333,3.0150396962863106,6.896024036060195e-13,1.920039689504971e-13,john jacob jingleheimerschmidt
let it be.wav,16,0.125,6.385374699966633,6.385374699966633,0.3125,2.0423368860029574,1.6031797034130658e-12,1.9585025514914134e-13,let it be
let it snow.wav,13,0.6153846153846154,5.6354307625078945,5.548632049991284,0.8461538461538461,2.3428344690983596,4.661162057728431e-13,1.5621055663086057e-13,let it snow
little jack horner.wav,18,0.5555555555555556,4.400630250012545,4.563477550022071,0.4444444444444444,2.4940945790950604,6.066639789467194e-13,1.5771932115744008e-13,little jack horner
london bridge.wav,21,0.8571428571428571,2.832340266667517,2.624422600008984,0.5714285714285714,1.2983912997653686,7.119448149904949e-13,2.123228980400385e-13,london bridge
louie louie.wav,16,0.125,3.943322199978866,3.943322199978866,0.3125,1.6831035162380563,6.869833733563681e-13,1.8911943003254986e-13,louie louie
love and marriage.wav,16,0.25,4.247171650007658,4.124212749986327,0.4375,1.312643988370279,1.2906172685566508e-12,2.524198946528027e-13,love and marriage
love me do.wav,19,0.47368421052631576,5.897464988881337,6.235104600000341,0.631578947368421,1.7650586016133918,9.241744387877272e-13,1.8226724442361925e-13,love me do
love me tender.wav,14,0.21428571428571427,4.217970233338444,3.486238899989985,0.2857142857142857,1.8456539706687305,7.17190302778684e-13,1.8118920456857936e-13,love me tender
mary had a little lamb.wav,18,0.9444444444444444,2.9846467235325047,2.542650999996113,0.8888888888888888,1.0627215158724392,1.1787965771830478e-12,1.8138638957910245e-13,mary had a little lamb
michael row the boat ashore.wav,18,0.2777777777777778,4.436821059990325,3.956823899992742,0.3888888888888889,1.5613778619941472,8.884556279436592e-13,2.6463023298393367e-13,michael row the boat ashore
mickey mouse march.wav,13,0.3076923076923077,2.8723784500575675,2.7271875999749686,0.46153846153846156,2.368665752979218,4.930153475987585e-13,1.6384607146737299e-13,mickey mouse march
muppet show.wav,20,0.2,2.882743725000182,2.9064976000081515,0.5,1.9220868452394133,6.153686174849295e-13,2.0952636945077633e-13,muppet show
my bonnie lies over the ocean.wav,16,0.25,3.590538850021858,3.589983050049341,0.8125,1.5034090219055285,5.329679045893918e-13,1.8374786244607254e-13,my bonnie lies over the ocean
my country 'tis of thee.wav,17,0.4117647058823529,9.456289799997519,9.906851399995505,0.4117647058823529,2.364181319191699,1.2690686932377783e-12,1.794075976520213e-13,my country 'tis of thee
my favorite things.wav,13,0.46153846153846156,6.026309333343913,5.338385549985105,0.7692307692307693,2.176371966214023,4.715994376351041e-13,1.7725589222820211e-13,my favorite things
my girl.wav,15,0.4666666666666667,4.44108500000896,3.785495100004482,0.4666666666666667,1.4683532367181198,1.262239123804786e-12,1.6949686126622668e-13,my girl
ob la di ob la da.wav,15,0.4,6.999491166665393,7.166002599995409,0.5333333333333333,2.002833718971895,4.666140785076441e-13,1.6513176416816824e-13,ob la di ob la da
oh susanna.wav,23,0.6956521739130435,4.389439662510085,4.657905650048633,0.2608695652173913,2.605718290099532,9.757654569851883e-13,2.0102511383880357e-13,oh susanna
oh where has my little dog gone.wav,18,0.3888888888888889,4.277322328563189,3.773924399982207,0.6111111111111112,2.4259127622579872,8.015356589402765e-13,2.108424557436751e-13,oh where has my little dog gone
old gray mare.wav,15,0.26666666666666666,6.3843580000057045,7.103914149998673,0.4666666666666667,2.876834935841821,5.392274269117719e-13,5.904757180102381e-13,old gray mare
old king cole.wav,18,0.2222222222222222,5.797196975005136,7.060451150005974,0.4444444444444444,2.6806909665580307,8.422947016287136e-13,1.814760498309107e-13,old king cole
old mcdonald.wav,16,1.0,2.94285208125234,2.3843282500019995,0.875,0.8804404964999346,6.730712483921782e-13,1.5795682761692062e-13,old mcdonald
on top of old smokey.wav,18,0.4444444444444444,6.071482225013824,6.444624200041289,0.4444444444444444,1.3325469720369538,4.759837444697079e-13,1.5885754253873403e-13,on top of old smokey
over the rainbow.wav,15,0.6666666666666666,5.748862429978908,4.4185697998909745,0.8,0.8804538290844253,8.143249114779042e-13,1.9865110532747756e-13,over the rainbow
over the river and through the woods.wav,19,0.631578947368421,6.927159283332003,6.079534999997122,0.6842105263157895,3.2346545960457123,5.860990636136422e-13,1.8995717292603343e-13,over the river and through the woods
peanuts.wav,20,0.55,3.5896888817968913,1.844390299999759,0.45,2.0443235756992393,4.5160625494084233e-13,1.5604224628218084e-13,peanuts
peter and the wolf.wav,19,0.15789473684210525,3.044135699998151,2.897608800005401,0.3157894736842105,1.4377935676708515,4.421135136844741e-13,1.701303385996053e-13,peter and the wolf
polly wolly doodle.wav,20,0.85,4.853798135289895,4.758549099991797,0.6,2.174504867500736,5.329711111132222e-13,1.6856003708432603e-13,polly wolly doodle
pop goes the weasel.wav,16,0.875,3.003007885706211,2.9835551000287523,0.875,1.4546941458343579,1.0317009072613556e-12,2.6983533302073673e-13,pop goes the weasel
popeye the sailorman.wav,15,0.2,4.413098966654313,3.985131699999329,0.4,2.575461536387728,5.239791161522585e-13,2.1958658407031168e-13,popeye the sailorman
puff the magic dragon.wav,20,0.35,6.388328328567305,7.126745600020513,0.5,1.8696544158397717,6.130707030587638e-13,1.946959204305559e-13,puff the magic dragon
ring around the rosie.wav,19,0.7894736842105263,3.7177239200042096,3.871024899999611,0.8947368421052632,1.3281355626238156,1.3572135258656769e-12,2.1644622747460044e-13,ring around the rosie
ring of fire.wav,20,0.55,5.881434536356954,6.461035699991044,0.7,1.4237604884750759,5.58389205894538e-13,1.7759584179696401e-13,ring of fire
rock-a-bye baby.wav,18,0.7222222222222222,3.3867903461499598,3.393968499993207,0.7777777777777778,1.3658615483956704,7.558017196723205e-13,1.767302924475849e-13,rock-a-bye baby
row your boat.wav,17,1.0,3.437907311762127,2.742765499977395,0.9411764705882353,1.114828973285707,6.296878900113631e-13,1.6174146205647204e-13,row your boat
rubber duckie.wav,15,0.26666666666666666,7.056345250006416,6.31161884998437,0.3333333333333333,1.7749782124713842,1.1096129705351477e-12,1.981994705025717e-13,rubber duckie
rudolph.wav,16,0.6875,3.1757160272801146,2.109947999939322,0.8125,1.221024452081973,5.549646421259704e-13,1.6440651298942386e-13,rudolph
sesame street.wav,16,0.25,4.3471109500133025,3.668111900049553,0.4375,1.3119912557294409,5.609182055559967e-13,1.7599186418665674e-13,sesame street
she'll be coming 'round the mountain.wav,19,0.8421052631578947,5.109622106238248,5.522124300005089,0.7368421052631579,1.6193789023606486,5.710480741320334e-13,1.7009445758815703e-13,she'll be coming 'round the mountain
shoo fly.wav,16,0.5625,4.633306733368146,4.469525699998485,0.5,1.419754483767859,1.1697213695259772e-12,2.4818759729200207e-13,shoo fly
skip to my lou.wav,17,0.7647058823529411,4.133029453849024,3.311875400017016,0.7058823529411765,1.2787450259991195,5.653563296788205e-13,1.7983070622181218e-13,skip to my lou
smoke on the water.wav,17,0.5882352941176471,4.4740729099954475,3.554426599985163,0.47058823529411764,0.8730576609396321,1.3518660588447086e-12,1.6655727329215841e-13,smoke on the water
smooth criminal.wav,16,0.625,3.6775933200042346,3.478685950009094,0.625,2.0112271080238253,6.972387473345447e-13,1.9764472973908411e-13,smooth criminal
star spangled banner.wav,20,0.8,3.579537187470237,3.708192450008937,0.75,0.9450740387583055,5.502969520024645e-13,1.6617023959858064e-13,star spangled banner
sugar sugar.wav,20,0.6,5.303612283343075,5.6082098499682616,0.75,1.4353354279599961,1.3293829738787194e-12,2.0648980868445866e-13,sugar sugar
super mario world.wav,19,0.631578947368421,5.733241908337125,4.388978799965116,0.3684210526315789,2.991610581406961,8.089623717475166e-13,1.7613277041148024e-13,super mario world
swing low sweet chariot.wav,16,0.375,6.451590766661259,6.235167899991211,0.4375,2.4271824344968644,1.4897185528834912e-12,2.187561355798308e-13,swing low sweet chariot
take me out to the ballgame.wav,16,0.5,4.1551957374904305,4.353288149890432,0.8125,0.9950583338603297,5.742100962856405e-13,1.5861912842816915e-13,take me out to the ballgame
teddy bear picnic.wav,13,0.46153846153846156,4.636352633310405,4.027733499962778,0.46153846153846156,2.2685183960490694,6.039941379623218e-13,1.584812339127855e-13,teddy bear picnic
tequila.wav,18,0.7222222222222222,3.7536607461587175,3.399302500009071,0.5,1.7112610385760156,7.580740724838193e-13,1.8187605229190288e-13,tequila
the bare necessities.wav,19,0.2631578947368421,5.305422500008353,5.213901900000565,0.5263157894736842,2.0589337604772866,8.182254820304393e-13,1.6482754305633422e-13,the bare necessities
the brady bunch.wav,14,0.14285714285714285,6.53285150002921,6.53285150002921,0.2857142857142857,1.7217364026048556,6.199122283172058e-13,1.5210201265547694e-13,the brady bunch
the farmer in the dell.wav,13,0.7692307692307693,4.276517470011458,4.699095500011026,0.6923076923076923,1.3674894225450005,1.256894257981512e-12,1.9163412653078256e-13,the farmer in the dell
the muffin man.wav,14,0.8571428571428571,4.601825975031413,4.1281703500062585,0.6428571428571429,1.523419145491085,1.1746266905542644e-12,2.012826280590779e-13,the muffin man
there's a hole in the bucket.wav,17,0.23529411764705882,3.359450424994975,2.9234869499923666,0.4117647058823529,1.9506563854393173,9.957525386060052e-13,1.8989264210913604e-13,there's a hole in the bucket
this old man.wav,20,0.95,4.164023610497105,3.952299900003709,0.5,1.1853571381095471,7.240563184053952e-13,1.691047637877708e-13,this old man
three blind mice.wav,14,0.7857142857142857,3.946657245472042,3.165031299984548,0.5714285714285714,1.3731914707016872,8.471835309170672e-13,1.8633789546444013e-13,three blind mice
when the saints go marching in.wav,16,0.25,3.4275980250095017,2.9676875000004657,0.6875,1.3281407213514456,6.096127733736501e-13,1.9279861290801083e-13,when the saints go marching in
wouldn't it be nice.wav,16,0.3125,4.817745979997563,5.566755400010152,0.625,1.4991478565517324,7.065469974555309e-13,2.6273703167196637e-13,wouldn't it be nice
yankee doodle.wav,20,0.7,4.1855337142765165,3.9051440999942315,0.75,1.5273571542286972,7.399855800357026e-13,3.4675592557890314e-13,yankee doodle
you're a grand old flag.wav,19,0.21052631578947367,5.116712350016314,5.783277399998042,0.3684210526315789,2.838209017039953,9.1147077984829e-13,1.6733052895949564e-13,you're a grand old flag
